Zone,PavilionID,Name-JP,Name-EN,EntryType,Open,Close,Latitude,Longitude
C,C01,ネパール,Nepal,,,,,
C,C02,ルクセンブルク,Luxembourg,First-Come,9:00,21:00,,
C,C03,ドイツ,Germany,First-Come,9:00,21:00,,
C,C04,大韓民国,Republic of Korea,First-Come,9:00,21:00,,
C,C05,コモンズ-F館,Commons-F Pavilion,Walk-In,9:00,21:00,,
C,C06,デジタルウォレットパーク,Digital Wallet Park,Walk-In,11:00,18:00,,
C,C07,アゼルバイジャン,Azerbaijan,Walk-In,9:00,21:00,,
C,C09,夜の地球,Earth at Night,Walk-In,9:00,21:00,,
C,C08,ポップアップステージ北,Pop-Up Stage North,,,,,
C,C10,モナコ,Monaco,Walk-In,9:30,21:00,,
C,C11,トルコ,Turkiye,Walk-In,9:30,21:00,,
C,C12,タイ,Thailand,First-Come,9:30,21:00,,
C,C13,スペイン,Spain,First-Come,9:30,21:00,,
C,C14,サウジアラビア王国,Saudi Arabia,Walk-In,9:00,21:00,,
C,C15,オーストラリア,Australia,First-Come,9:00,21:00,,
C,C16,インドネシア,Indonesia,First-Come,9:00,21:00,,
C,C17,インド,India,,,,,
C,C18,ウズベキスタン,Uzbekistan,Walk-In,9:30,21:00,,
C,C19,セルビア,Serbia,Both,9:00,21:00,,
C,C20,バングラデシュ,Bangladesh,First-Come,9:00,21:00,,
C,C21,セネガル,Senegal,First-Come,9:00,21:00,,
C,C22,エジプト,Egypt,First-Come,9:00,21:00,,
C,C23,コモンズ-B館,Commons-B Pavilion,Walk-In,9:00,21:00,,
S,S01,コモンズ-C館,Commons-C Pavilion,Walk-In,9:00,21:00,,
S,S02,チリ,Chile,Walk-In,9:00,21:00,,
S,S03,チュニジア,Tunisia,First-Come,9:00,21:00,,
S,S04,カンボジア,Cambodia,First-Come,9:00,21:00,,
S,S05,アルジェリア,Algeria,Walk-In,9:00,21:00,,
S,S06,バルト館（ラトビア＆リトアニア）,Baltic Latvia and Lithuania,Walk-In,9:00,21:00,,
S,S07,欧州連合,EU,Walk-In,9:00,21:00,,
S,S08,ベルギー,Belgium,First-Come,9:00,21:00,,
S,S09,イタリア・バチカン,Italy and The Holy See,First-Come,9:00,21:00,,
S,S11,シンガポール,Singapore,Walk-In,9:00,21:00,,
S,S12,ブルガリア,Bulgaria,First-Come,9:00,21:00,,
S,S13,オランダ,Netherlands,Walk-In,9:30,21:00,,
S,S14,コモンズ-D館,Commons-D Pavilion,Walk-In,9:00,21:00,,
S,S15,オマーン,Oman,First-Come,9:00,21:00,,
S,S16,ハンガリー,Hungary,First-Come,9:30,21:00,,
S,S17,コモンズ-E館,Commons-E Pavilion,
S,S18,団体休憩所,Group Rest Area,,,,,
S,S19,団体休憩所,Group Rest Area,,,,,
S,S20,ポーランド,Poland,Walk-In,9:30,21:00,,
S,S21,ルーマニア,Romania,Both,9:00,21:00,,
S,S22,英国,United Kingdom,First-Come,9:00,21:00,,
S,S23,アンゴラ,Angola,Not-Open,9:00,21:00,,
P,P01,アイルランド,Ireland,Both,9:00,21:00,,
P,P02,マレーシア,Malaysia,Both,9:00,21:00,,
P,P03,コモンズ-A館,Commons-A Pavilion,Walk-In,9:00,21:00,,
P,P04,ヨルダン,Jordan,First-Come,9:00,21:00,,
P,P05,ぺルー,Peru,Walk-In,9:00,21:00,,
P,P06,モザンビーク,Mozambique,First-Come,9:00,21:00,,
P,P07,空飛ぶクルマステーション,Advanced Air Mobility Station,Walk-In,9:20,21:00,,
P,P08,モザンビーク,Mozambique,,,,,
P,P09,フィリピン,Philippines,First-Come,9:00,21:00,,
P,P10,ポップアップステージ東内,Pop-Up Stage Inner East,,,,,
P,P11,アメリカ合衆国,United States of America,First-Come,9:00,21:00,,
P,P12,フランス,France,First-Come,9:00,21:00,,
P,P13,フェスティバル・ステーション,Festival Station,,,,,
P,P14,ロボット＆モビリティステーション,ROBOT & MOBILITY STATION,Walk-In,9:00,21:00,,
P,P15,ベトナム,Viet Nam,,,,,
P,P16,ミャクミャクハウス,MYAKU-MYAKU's House,Walk-In,10:00,19:00,,
P,P17,カタール,Qatar,First-Come,9:00,21:00,,
P,P18,アラブ首長国連邦,United Arab Emirates,Both,9:00,21:00,,
P,P19,カナダ,Canada,First-Come,9:00,21:00,,
P,P20,ポルトガル,Portugal,First-Come,9:00,21:00,,
P,P21,コロンビア,Colombia,Both,9:00,21:00,,
P,P22,スイス,Switzerland,First-Come,9:00,21:00,,
P,P23,オーストリア,Austria,First-Come,9:00,21:00,,
P,P25,団体休憩所,Group Rest Area,,,,,
P,P26,ブラジル,Brazil,Walk-In,9:00,21:00,,
P,P27,クウェート,Kuwait,Both,9:00,21:00,,
P,P28,中華人民共和国,China,Walk-In,9:00,21:00,,
P,P29,国際機関館,International Organization Pavilion,Walk-In,9:00,21:00,,
P,P30,国際連合,The United Nations,First-Come,9:30,21:00,,
P,P31,国際赤十字・赤新月運動,International Red Cross and Red Crescent Movement,Reservation-Only,9:00,21:00,,
P,P32,バーレーン,Bahrain,Walk-In,9:00,21:00,,
P,P35,トルクメニスタン,Turkmenistan,First-Come,9:00,21:00,,
P,P36,北欧館,Nordic,Walk-In,9:00,21:00,,
P,P37,マルタ,Malta,Walk-In,9:30,21:00,,
P,P38,チェコ,Czechia,Walk-In,9:00,21:00,,
P,-,パビリオン/イベント当日登録・免税センター,Pavilion and Event On-Site Registration/Tax Refund Center,Walk-In,10:00,21:00,,
X,X01,Better Co-Being （宮田 裕章）,Better Co-Being,Reservation-Only,9:30,21:00,,
X,X02,いのちの未来（石黒 浩）,Future of Life,Reservation-Only,9:30,21:00,,
X,X03,いのちの遊び場 クラゲ館（中島 さち子）,Playground of Life: Jellyfish Pavilion,Partially Walk-In,9:30,21:00,,
X,X04,null2（落合 陽一）,null2,First-Come,9:30,21:00,,
X,X05,いのち動的平衡館（福岡 伸一）,DYNAMIC EQUILIBRIUM OF LIFE,Reservation-Only,9:30,21:00,,
X,X06,いのちめぐる冒険（河森 正治）,LIVE EARTH JOURNEY,Partially Walk-In,9:30,21:00,,
X,X07,EARTH MART（小山 薫堂）,EARTH MART,Reservation-Only,9:30,21:00,,
X,X08,Dialogue Theater - いのちのあかし -（河瀬 直美）,Dialogue Theater - sign of life -,"First-Come,Partially Walk-In",9:30,21:00,,
W,W01,テーマウィークスタジオ,Theme Week Studio,Walk-In,9:00,21:00,,
W,W02,TECH WORLD,TECH WORLD,First-Come,9:30,21:00,,
W,W03,ガスパビリオンおばけワンダーランド,GAS PAVILION OBAKE WONDERLAND,Partially Walk-In,9:30,21:00,,
W,W04,飯田グループ×大阪公立大学共同出展館,Joint Pavilion Iida Group × Osaka Metropolitan Univ.,First-Come,9:30,21:00,,
W,W05,ORA外食パビリオン「宴～UTAGE～」,ORA Gaishoku Pailion「〜UTAGE〜」,Walk-In,9:30,21:00,,
W,W06,BLUE OCEAN DOME,BLUE OCEAN DOME,Walk-In,9:30,21:00,,
W,W07,GUNDAM NEXT FUTURE PAVILION,GUNDAM NEXT FUTURE PAVILION,Reservation-Only,9:00,21:00,,
W,W08,ポップアップステージ西,Pop-Up Stage West,,,,,
W,W09,PASONA NATUREVERSE,PASONA NATUREVERSE,First-Come,9:00,21:00,,
W,W10,よしもと waraii myraii館,YOSHIMOTO Pavilion waraii myraii,Walk-In,9:00,21:00,,
W,W11,EXPOメッセ「WASSE」,EXPO Exhibition Center “WASSE”,,,,,
E,E01,関西パビリオン,KANSAI Pavilion,Reservation-Only,9:15,21:00,,
E,E02,大阪ヘルスケアパビリオン Nest for Reborn,Osaka Healthcare Pavilion,First-Come,9:00,21:00,,
E,E03,NTTパビリオン,NTT Pavilion,Walk-In,9:00,21:00,,
E,E04,ポップアップステージ東外,Pop-Up Stage Outer East,,,,,
E,E05,三菱未来館,Mitsubishi Pavilion,First-Come,9:00,21:00,,
E,E06,パナソニックグループパビリオン「ノモの国」,Panasonic Group Pavilion,Reservation-Only,9:30,21:00,,
E,E07,住友館,Sumitomo Pavilion,First-Come,9:00,21:00,,
E,E08,電力館 可能性のタマゴたち,Electric Poewr Pavilion,Reservation-Only,9:30,21:00,,
E,E09,ウーマンズ パビリオン in collaboration with Cartier,Women's Pavilion,First-Come,9:00,21:00,,
E,E10,日本館,Japan Pavilion,Partially Walk-In,9:30,21:00,,
E,E11,EXPOホール「シャインハット」,EXPO Hall “Shining Hat”,,,,,
E,E12,EXPOナショナルデーホール「レイガーデン」,EXPO National Day Hall “Ray Garden”,,,,,
E,E13,ギャラリーEAST,Gallery EAST,,,,,
E,E14,ラウンジ&ダイニング,Rounge & Dining,,,,,
E,E15,ポップアップステージ南,Pop-Up Stage South,,,,,
L,L01,ギャラリーWEST,Gallery EAST,,,,,
L,L02,フューチャーライフエクスペリエンス（フューチャーライフヴィレッジ内）,Future Life Village,Walk-In,10:00,21:00,,
L,L03,「TEAM EXPOパビリオン」（フューチャーライフヴィレッジ内）,,,,
L,L04,モビリティエクスペリエンス,Mobility Experience,Reservation-Only,9:00,18:00,,
L,L05,未来の都市,Future City,First-Come,9:20,21:00,,
L,L06,EXPOアリーナ「Matsuri」,EXPO Arena “Matsuri”,,,,,
L,L07,ジュニアSDGsキャンプ,Junior SDGs Camp,Walk-In,9:00,20:30,,
L,L08,万博サウナ「太陽のつぼみ」,EXPO SAUNA “TAIYO's TSUBOMI”,,,,,
M,-,カーボンリサイクルファクトリー(RITE),Carbon Recycle Factory(RITE),Reservation-Only,10:00,17:00,,
M,-,カーボンリサイクルファクトリー(大阪ガス),Carbon Recycle Factory（OSAKA GAS）,Reservation-Only,10:40,17:00,,